<?xml version="1.0" encoding="UTF-8"?>
<project xmlns="http://www.netbeans.org/ns/project/1">
    <type>com.microchip.mplab.nbide.embedded.makeproject</type>
    <configuration>
        <Harmony xmlns="Harmony" MHC="true"/>
        <data xmlns="http://www.netbeans.org/ns/make-project/1">
            <name>aws_bootloader</name>
            <creation-uuid>e54023e9-3948-44ef-bf6f-29d8b223e555</creation-uuid>
            <make-project-type>0</make-project-type>
            <c-extensions>c</c-extensions>
            <cpp-extensions/>
            <header-extensions>h</header-extensions>
            <asminc-extensions/>
            <sourceEncoding>ISO-8859-1</sourceEncoding>
            <make-dep-projects/>
            <sourceRootList>
                <sourceRootElem>../common/microchip_code</sourceRootElem>
                <sourceRootElem>../../../../lib/third_party/mcu_vendor/microchip/harmony/v2.05/framework/driver/tmr/src/dynamic</sourceRootElem>
                <sourceRootElem>../../../../lib/third_party/mcu_vendor/microchip/harmony/v2.05/framework/driver/usart/src/dynamic</sourceRootElem>
                <sourceRootElem>../../../../lib/third_party/mcu_vendor/microchip/harmony/v2.05/framework/system/tmr/src</sourceRootElem>
                <sourceRootElem>../../../../lib/third_party/mcu_vendor/microchip/harmony/v2.05/framework/system/int/src</sourceRootElem>
                <sourceRootElem>../config_files</sourceRootElem>
                <sourceRootElem>../common</sourceRootElem>
                <sourceRootElem>../../../common/ota/bootloader/crypto/tinycrypt</sourceRootElem>
                <sourceRootElem>../../../common/ota/bootloader/include</sourceRootElem>
                <sourceRootElem>../../../common/ota/bootloader/flash/portable/microchip/curiosity_pic32mzef</sourceRootElem>
                <sourceRootElem>../../../common/ota/bootloader/loader</sourceRootElem>
                <sourceRootElem>../../../common/ota/bootloader/logging</sourceRootElem>
                <sourceRootElem>../../../../lib/third_party/tinycrypt/lib</sourceRootElem>
                <sourceRootElem>../../../../lib/third_party/tinycrypt/asn1</sourceRootElem>
                <sourceRootElem>../../../common/ota/bootloader/crypto/asn1utility</sourceRootElem>
                <sourceRootElem>../../../../lib/third_party/mbedtls/library</sourceRootElem>
                <sourceRootElem>../../../../lib/third_party/mbedtls/include/mbedtls</sourceRootElem>
                <sourceRootElem>../../../common/ota/bootloader/utility/user-config</sourceRootElem>
            </sourceRootList>
            <confList>
                <confElem>
                    <name>pic32mz_ef_curiosity</name>
                    <type>2</type>
                </confElem>
            </confList>
            <formatting>
                <project-formatting-style>false</project-formatting-style>
            </formatting>
        </data>
    </configuration>
</project>
